{
  "test_mean": 0.37061403508771934,
  "test_std": 0.03430224621827506,
  "val_mean": 0.3621399176954732,
  "val_std": 0.032997930594730156,
  "all_results": [
    {
      "train": 0.4807692307692308,
      "val": 0.3401920438957476,
      "test": 0.3508771929824561,
      "epochs_trained": 113
    },
    {
      "train": 0.5302197802197802,
      "val": 0.40877914951989025,
      "test": 0.41885964912280704,
      "epochs_trained": 115
    },
    {
      "train": 0.46153846153846156,
      "val": 0.3374485596707819,
      "test": 0.34210526315789475,
      "epochs_trained": 103
    }
  ],
  "config": {
    "name": "GCN_Chameleon_trans",
    "setting": "transductive",
    "task": "vertex",
    "mix_dim": 64,
    "input_dropout": 0.0,
    "mix_dropout": 0.0,
    "mean_agg": true,
    "root_conn": true,
    "residual": false,
    "trans_input": false,
    "trans_output": true,
    "input_activation": false,
    "lr": 0.001,
    "weight_decay": 0.0005,
    "epochs": 300,
    "patience": 50,
    "num_seeds": 3,
    "num_splits": 1,
    "dataset": "Chameleon",
    "model": "GCN",
    "hidden_dim": 256,
    "num_blocks": 2,
    "dropout": 0.5,
    "make_undirected": true,
    "add_self_loop": true,
    "normalize_input": false
  }
}