{
  "test_mean": 0.5526737111751521,
  "test_std": 0.014059877297534546,
  "val_mean": 0.5372596153846154,
  "val_std": 0.013553870051311905,
  "all_results": [
    {
      "train": 0.9002403846153846,
      "val": 0.5546875,
      "test": 0.5725264169068204,
      "epochs_trained": 287
    },
    {
      "train": 0.8862179487179487,
      "val": 0.5216346153846154,
      "test": 0.5417867435158501,
      "epochs_trained": 258
    },
    {
      "train": 0.9294871794871795,
      "val": 0.5354567307692307,
      "test": 0.5437079731027857,
      "epochs_trained": 300
    }
  ],
  "config": {
    "dataset": "Squirrel",
    "model": "GHC",
    "setting": "transductive",
    "task": "vertex",
    "hidden_dim": 128,
    "mix_dim": 32,
    "num_blocks": 2,
    "dropout": 0.5,
    "input_dropout": 0.0,
    "mix_dropout": 0.0,
    "mean_agg": true,
    "root_conn": true,
    "residual": false,
    "trans_input": false,
    "trans_output": true,
    "add_self_loop": true,
    "make_undirected": true,
    "normalize_input": false,
    "input_activation": false,
    "lr": 0.001,
    "weight_decay": 0,
    "epochs": 300,
    "patience": 50,
    "num_seeds": 3,
    "num_splits": 1,
    "name": "GHC_Squirrel_trans"
  }
}