{
  "test_mean": 0.44295,
  "test_std": 0.025050000000000017,
  "seeds_done": 2,
  "all_test": [
    0.468,
    0.4179
  ],
  "note": "Seed 2 still running"
}