{
  "name": "GHC_CiteSeer_trans",
  "test_mean": 0.6462570201519656,
  "test_std": 0.02655863306270025,
  "val_mean": 0.636,
  "val_std": 0.029611475920204314,
  "time": 548.2160534858704,
  "config": {
    "model": "GHC",
    "hidden_dim": 256,
    "mix_dim": 64,
    "num_blocks": 2,
    "dropout": 0.6,
    "input_dropout": 0.0,
    "mix_dropout": 0.0,
    "trans_input": false,
    "trans_output": true,
    "input_activation": false,
    "mean_agg": true,
    "root_conn": true,
    "residual": false,
    "add_self_loop": true,
    "make_undirected": false,
    "normalize_input": false,
    "lr": 0.001,
    "weight_decay": 0.0005,
    "epochs": 500,
    "patience": 100,
    "dataset": "CiteSeer",
    "task": "vertex",
    "setting": "transductive",
    "num_seeds": 10,
    "num_splits": 10
  },
  "all_test": [
    0.6613809051866535,
    0.6742649487941856,
    0.6613809051866535,
    0.6851668318467129,
    0.6478361413941196,
    0.6802114304592005,
    0.6805417905517014,
    0.694416914436736,
    0.6802114304592005,
    0.6646845061116617,
    0.6673273868516684,
    0.6772381896266931,
    0.658407664354146,
    0.6722827882391808,
    0.6729435084241824,
    0.6739345887016849,
    0.6531219028741329,
    0.6785596299966964,
    0.6805417905517014,
    0.675586389164189,
    0.6511397423191279,
    0.6296663363065742,
    0.6759167492566898,
    0.6488272216716221,
    0.6597291047241494,
    0.6643541460191609,
    0.6597291047241494,
    0.6623719854641559,
    0.6521308225966304,
    0.6247109349190618,
    0.6623719854641559,
    0.6481665014866204,
    0.6646845061116617,
    0.660389824909151,
    0.6045589692765114,
    0.6560951437066402,
    0.6587380244466469,
    0.6613809051866535,
    0.5741658407664354,
    0.637594978526594,
    0.6653452262966634,
    0.6501486620416254,
    0.6788899900891973,
    0.6342913776015857,
    0.6488272216716221,
    0.6673273868516684,
    0.6752560290716881,
    0.6257020151965642,
    0.658407664354146,
    0.6580773042616452,
    0.6643541460191609,
    0.6422200198216056,
    0.6478361413941196,
    0.6220680541790552,
    0.654773703336637,
    0.6534522629666336,
    0.6468450611166171,
    0.605219689461513,
    0.6468450611166171,
    0.6270234555665676,
    0.639577139081599,
    0.578790882061447,
    0.6045589692765114,
    0.6187644532540469,
    0.6316484968615791,
    0.6323092170465807,
    0.6382556987115956,
    0.59200528576148,
    0.6290056161215725,
    0.6124876114965312,
    0.6418896597291047,
    0.6283448959365708,
    0.6379253386190948,
    0.6590683845391476,
    0.6521308225966304,
    0.6428807400066072,
    0.6369342583415923,
    0.66402378592666,
    0.6481665014866204,
    0.6349520977865873,
    0.6329699372315825,
    0.6712917079616783,
    0.6669970267591675,
    0.6620416253716551,
    0.6488272216716221,
    0.6560951437066402,
    0.6488272216716221,
    0.6643541460191609,
    0.6564255037991411,
    0.6514701024116287,
    0.658407664354146,
    0.6088536504790222,
    0.5507102741988767,
    0.5834159233564585,
    0.6048893293690122,
    0.6095143706640238,
    0.6164519326065411,
    0.6035678889990089,
    0.6114965312190287,
    0.6257020151965642
  ],
  "all_val": [
    0.6,
    0.6166666666666667,
    0.5888888888888889,
    0.6111111111111112,
    0.6277777777777778,
    0.6111111111111112,
    0.5888888888888889,
    0.6111111111111112,
    0.6277777777777778,
    0.5944444444444444,
    0.6666666666666666,
    0.6833333333333333,
    0.6833333333333333,
    0.6555555555555556,
    0.6722222222222223,
    0.6777777777777778,
    0.6777777777777778,
    0.6722222222222223,
    0.6722222222222223,
    0.6555555555555556,
    0.6166666666666667,
    0.5944444444444444,
    0.6111111111111112,
    0.6277777777777778,
    0.6222222222222222,
    0.6277777777777778,
    0.6333333333333333,
    0.6111111111111112,
    0.6055555555555555,
    0.5722222222222222,
    0.6444444444444445,
    0.6444444444444445,
    0.6555555555555556,
    0.6277777777777778,
    0.5888888888888889,
    0.65,
    0.65,
    0.6611111111111111,
    0.5888888888888889,
    0.6166666666666667,
    0.6333333333333333,
    0.6222222222222222,
    0.6444444444444445,
    0.6222222222222222,
    0.6388888888888888,
    0.6277777777777778,
    0.6444444444444445,
    0.6166666666666667,
    0.6222222222222222,
    0.6388888888888888,
    0.6333333333333333,
    0.6222222222222222,
    0.6333333333333333,
    0.6055555555555555,
    0.6166666666666667,
    0.6333333333333333,
    0.6277777777777778,
    0.6,
    0.6,
    0.6111111111111112,
    0.6833333333333333,
    0.6555555555555556,
    0.6611111111111111,
    0.6555555555555556,
    0.6777777777777778,
    0.6777777777777778,
    0.6666666666666666,
    0.6444444444444445,
    0.6666666666666666,
    0.6555555555555556,
    0.6388888888888888,
    0.6444444444444445,
    0.6555555555555556,
    0.6444444444444445,
    0.6444444444444445,
    0.6444444444444445,
    0.6444444444444445,
    0.6333333333333333,
    0.6388888888888888,
    0.65,
    0.6611111111111111,
    0.6833333333333333,
    0.7,
    0.6777777777777778,
    0.6555555555555556,
    0.6888888888888889,
    0.6611111111111111,
    0.6888888888888889,
    0.6722222222222223,
    0.6777777777777778,
    0.6166666666666667,
    0.6277777777777778,
    0.5888888888888889,
    0.6,
    0.5944444444444444,
    0.6,
    0.5833333333333334,
    0.5888888888888889,
    0.5888888888888889,
    0.6222222222222222
  ]
}