{
  "name": "GHC_Cora_trans",
  "test_mean": 0.7801229855810008,
  "test_std": 0.0188152272726363,
  "val_mean": 0.8252857142857144,
  "val_std": 0.017736992615138517,
  "time": 479.47995686531067,
  "config": {
    "model": "GHC",
    "hidden_dim": 256,
    "mix_dim": 64,
    "num_blocks": 2,
    "dropout": 0.6,
    "input_dropout": 0.0,
    "mix_dropout": 0.0,
    "trans_input": false,
    "trans_output": true,
    "input_activation": false,
    "mean_agg": true,
    "root_conn": true,
    "residual": false,
    "add_self_loop": true,
    "make_undirected": false,
    "normalize_input": false,
    "lr": 0.001,
    "weight_decay": 0.0005,
    "epochs": 500,
    "patience": 100,
    "dataset": "Cora",
    "task": "vertex",
    "setting": "transductive",
    "num_seeds": 10,
    "num_splits": 10
  },
  "all_test": [
    0.7977099236641222,
    0.7977099236641222,
    0.8138252756573368,
    0.8078880407124682,
    0.7926208651399491,
    0.8125530110262935,
    0.8248515691263782,
    0.7463952502120441,
    0.7955894826123834,
    0.7777777777777778,
    0.7964376590330788,
    0.7883799830364716,
    0.785835453774385,
    0.7629346904156065,
    0.775657336726039,
    0.7578456318914334,
    0.785835453774385,
    0.7926208651399491,
    0.7938931297709924,
    0.7430025445292621,
    0.7582697201017812,
    0.7523324851569126,
    0.765479219677693,
    0.7777777777777778,
    0.7769296013570822,
    0.7472434266327396,
    0.7752332485156913,
    0.7947413061916879,
    0.7994062765055131,
    0.7913486005089059,
    0.7947413061916879,
    0.7502120441051738,
    0.7692960135708228,
    0.7451229855810009,
    0.773960983884648,
    0.7497879558948262,
    0.7828668363019508,
    0.7951653944020356,
    0.7905004240882103,
    0.7425784563189143,
    0.8104325699745547,
    0.7684478371501272,
    0.8027989821882952,
    0.7680237489397794,
    0.7866836301950806,
    0.7888040712468194,
    0.8095843935538592,
    0.7837150127226463,
    0.7824427480916031,
    0.7798982188295165,
    0.7663273960983885,
    0.7731128074639525,
    0.7748091603053435,
    0.765479219677693,
    0.7837150127226463,
    0.7769296013570822,
    0.7523324851569126,
    0.7574215436810857,
    0.765479219677693,
    0.7782018659881256,
    0.7998303647158609,
    0.7905004240882103,
    0.7845631891433418,
    0.77735368956743,
    0.7769296013570822,
    0.7854113655640373,
    0.77735368956743,
    0.8040712468193384,
    0.7692960135708228,
    0.7743850720949957,
    0.7892281594571671,
    0.7913486005089059,
    0.813401187446989,
    0.7841391009329941,
    0.7625106022052587,
    0.7824427480916031,
    0.7998303647158609,
    0.7849872773536896,
    0.8083121289228159,
    0.785835453774385,
    0.7578456318914334,
    0.7769296013570822,
    0.7383375742154368,
    0.7845631891433418,
    0.7646310432569975,
    0.7480916030534351,
    0.7731128074639525,
    0.772264631043257,
    0.7824427480916031,
    0.7485156912637828,
    0.7985581000848176,
    0.7972858354537744,
    0.8125530110262935,
    0.7811704834605598,
    0.7985581000848176,
    0.7981340118744699,
    0.7786259541984732,
    0.768871925360475,
    0.7820186598812553,
    0.7510602205258694
  ],
  "all_val": [
    0.8285714285714286,
    0.819047619047619,
    0.8285714285714286,
    0.8428571428571429,
    0.8238095238095238,
    0.8285714285714286,
    0.8095238095238095,
    0.819047619047619,
    0.8380952380952381,
    0.8095238095238095,
    0.8333333333333334,
    0.8,
    0.8285714285714286,
    0.8142857142857143,
    0.7952380952380952,
    0.8095238095238095,
    0.8047619047619048,
    0.819047619047619,
    0.8238095238095238,
    0.7952380952380952,
    0.8380952380952381,
    0.8285714285714286,
    0.8380952380952381,
    0.8238095238095238,
    0.8523809523809524,
    0.8095238095238095,
    0.861904761904762,
    0.8571428571428571,
    0.8523809523809524,
    0.8428571428571429,
    0.8285714285714286,
    0.8047619047619048,
    0.819047619047619,
    0.8238095238095238,
    0.819047619047619,
    0.8285714285714286,
    0.8333333333333334,
    0.8380952380952381,
    0.8238095238095238,
    0.8238095238095238,
    0.8238095238095238,
    0.8,
    0.8142857142857143,
    0.8142857142857143,
    0.8,
    0.8333333333333334,
    0.8333333333333334,
    0.8142857142857143,
    0.8285714285714286,
    0.8142857142857143,
    0.8428571428571429,
    0.8333333333333334,
    0.8285714285714286,
    0.8238095238095238,
    0.8380952380952381,
    0.8333333333333334,
    0.819047619047619,
    0.8238095238095238,
    0.8238095238095238,
    0.8285714285714286,
    0.8523809523809524,
    0.8285714285714286,
    0.8523809523809524,
    0.8476190476190476,
    0.8095238095238095,
    0.8333333333333334,
    0.8523809523809524,
    0.8285714285714286,
    0.8285714285714286,
    0.8571428571428571,
    0.819047619047619,
    0.8238095238095238,
    0.8380952380952381,
    0.8142857142857143,
    0.8285714285714286,
    0.819047619047619,
    0.8476190476190476,
    0.8285714285714286,
    0.8333333333333334,
    0.8047619047619048,
    0.8,
    0.7761904761904762,
    0.8,
    0.8142857142857143,
    0.7904761904761904,
    0.7857142857142857,
    0.819047619047619,
    0.8095238095238095,
    0.8095238095238095,
    0.7714285714285715,
    0.8523809523809524,
    0.8380952380952381,
    0.8571428571428571,
    0.8380952380952381,
    0.8285714285714286,
    0.8476190476190476,
    0.8428571428571429,
    0.8238095238095238,
    0.8428571428571429,
    0.8428571428571429
  ]
}