{
  "test_mean": 0.8582774444052242,
  "test_std": 0.002237104758422333,
  "val_mean": 0.8686084142394822,
  "val_std": 0.0029017541643866565,
  "all_results": [
    {
      "train": 0.999823493072103,
      "val": 0.8723742277140335,
      "test": 0.8584539357571479,
      "epochs_trained": 339
    },
    {
      "train": 0.9997352396081546,
      "val": 0.8653133274492498,
      "test": 0.855453582774444,
      "epochs_trained": 317
    },
    {
      "train": 0.9999117465360515,
      "val": 0.8681376875551633,
      "test": 0.8609248146840804,
      "epochs_trained": 447
    }
  ],
  "config": {
    "dataset": "Roman-Empire",
    "model": "GHC",
    "task": "vertex",
    "setting": "transductive",
    "hidden_dim": 256,
    "mix_dim": 32,
    "dropout": 0.3,
    "input_dropout": 0.0,
    "mix_dropout": 0.1,
    "num_blocks": 4,
    "mean_agg": false,
    "root_conn": true,
    "residual": true,
    "trans_input": true,
    "trans_output": false,
    "add_self_loop": false,
    "make_undirected": true,
    "normalize_input": true,
    "lr": 0.001,
    "weight_decay": 0.0005,
    "epochs": 500,
    "patience": 100,
    "num_seeds": 3,
    "num_splits": 1
  }
}