{
  "name": "GHC_Roman-Empire_trans",
  "test_mean": 0.8573949876456053,
  "test_std": 0.0016780606175791888,
  "val_mean": 0.8654545454545455,
  "val_std": 0.003172301481268881,
  "time": 402.16432547569275,
  "config": {
    "model": "GHC",
    "hidden_dim": 256,
    "mix_dim": 32,
    "num_blocks": 4,
    "dropout": 0.3,
    "input_dropout": 0.0,
    "mix_dropout": 0.1,
    "trans_input": true,
    "trans_output": false,
    "input_activation": false,
    "mean_agg": false,
    "root_conn": true,
    "residual": true,
    "add_self_loop": false,
    "make_undirected": true,
    "normalize_input": true,
    "lr": 0.001,
    "weight_decay": 0.0005,
    "epochs": 500,
    "patience": 100,
    "dataset": "Roman-Empire",
    "task": "vertex",
    "setting": "transductive",
    "num_seeds": 10,
    "num_splits": 1
  },
  "all_test": [
    0.8584539357571479,
    0.855453582774444,
    0.8609248146840804,
    0.8566890222379103,
    0.8573949876456054,
    0.8558065654782916,
    0.8573949876456054,
    0.8595128838686904,
    0.8565125308859866,
    0.8558065654782916
  ],
  "all_val": [
    0.8723742277140335,
    0.8653133274492498,
    0.8681376875551633,
    0.8661959399823478,
    0.8654898499558694,
    0.8653133274492498,
    0.8660194174757282,
    0.8633715798764342,
    0.8624889673433362,
    0.8598411297440424
  ]
}