{
  "name": "GHC_Roman-Empire_trans",
  "test_mean": 0.7642428521002471,
  "test_std": 0.007503186872198479,
  "val_mean": 0.7732744924977935,
  "val_std": 0.008097824491070394,
  "time": 369.9258964061737,
  "config": {
    "model": "GHC",
    "hidden_dim": 256,
    "mix_dim": 32,
    "num_blocks": 2,
    "dropout": 0.3,
    "input_dropout": 0.0,
    "mix_dropout": 0.1,
    "trans_input": true,
    "trans_output": false,
    "input_activation": false,
    "mean_agg": false,
    "root_conn": true,
    "residual": true,
    "add_self_loop": false,
    "make_undirected": true,
    "normalize_input": false,
    "lr": 0.001,
    "weight_decay": 0.0005,
    "epochs": 500,
    "patience": 100,
    "dataset": "Roman-Empire",
    "task": "vertex",
    "setting": "transductive",
    "num_seeds": 10,
    "num_splits": 1
  },
  "all_test": [
    0.7562654429932933,
    0.7527356159548182,
    0.7537945640663607,
    0.7656194846452524,
    0.7714436992587363,
    0.7689728203318037,
    0.7592657959759972,
    0.7707377338510413,
    0.7712672079068126,
    0.7723261560183551
  ],
  "all_val": [
    0.7648720211827008,
    0.7641659311562224,
    0.7632833186231245,
    0.7728155339805826,
    0.7842894969108561,
    0.7857016769638129,
    0.7657546337157988,
    0.7735216240070609,
    0.779523389232127,
    0.7788172992056487
  ]
}