{
  "blocks_2": 0.8289798799858807,
  "blocks_3": 0.8513942816801977,
  "blocks_4": 0.8584539357571479,
  "blocks_5": 0.8614542887398517,
  "blocks_6": 0.8635721849629369,
  "blocks_8": 0.8625132368513942,
  "idrop_0.1": 0.871337804447582,
  "idrop_0.3": 0.8821037769149311,
  "idrop_0.5": 0.9008118602188493,
  "input_act": 0.8559830568302154
}